event_id,rup_id,rlz_id,year,ses_id
0,0,2,1,7271
1,1,2,1,861
2,2,2,1,5391
3,3,2,1,5192
4,4,2,1,5735
5,5,2,1,6266
6,6,2,1,467
7,7,2,1,4427
8,8,2,1,5579
9,9,2,1,8323
10,10,2,1,1686
11,11,2,1,770
12,12,2,1,6950
13,13,2,1,2434
14,14,2,1,5312
15,15,2,1,5052
16,16,2,1,6421
17,17,2,1,1185
18,18,2,1,4556
19,19,2,1,3386
20,20,2,1,6397
21,21,2,1,8667
22,22,2,1,9275
23,23,2,1,2559
24,24,2,1,7850
25,25,2,1,2048
26,26,2,1,2748
27,27,2,1,9168
28,28,2,1,9999
29,29,2,1,190
30,30,2,1,2735
31,31,2,1,3006
32,32,2,1,4659
33,33,2,1,1900
34,34,2,1,7735
35,35,2,1,1268
36,36,2,1,1529
37,37,2,1,3557
38,38,2,1,3891
39,39,2,1,8839
40,40,2,1,5394
41,41,2,1,8793
42,42,2,1,8434
43,43,2,1,7514
44,44,2,1,2613
45,45,2,1,7042
46,46,2,1,9556
47,47,2,1,6236
48,48,2,1,5487
49,49,2,1,7100
50,50,2,1,9671
51,51,2,1,776
52,52,2,1,8227
53,53,2,1,3153
54,54,2,1,1586
55,55,2,1,3944
56,56,2,1,7556
57,57,2,1,3074
58,58,2,1,1022
59,59,2,1,3844
60,60,2,1,7990
61,61,2,1,9693
62,62,2,1,6874
63,63,2,1,5676
64,64,2,1,162
65,65,2,1,4298
66,66,2,1,996
67,67,2,1,7630
68,68,2,1,9468
69,69,2,1,1017
70,70,2,1,7870
71,71,2,1,6440
72,72,2,1,7893
73,73,2,1,6864
74,74,2,1,7917
75,75,2,1,8530
76,76,2,1,879
77,77,2,1,9269
78,78,2,1,4888
79,79,2,1,4860
80,80,2,1,6332
81,81,2,1,8572
82,82,2,1,8685
83,83,2,1,7209
84,84,2,1,5277
85,85,2,1,2063
86,86,2,1,65
87,87,2,1,8007
88,88,2,1,2569
89,89,2,1,5464
90,90,2,1,2028
91,91,2,1,2696
92,92,2,1,9688
93,93,2,1,5259
94,94,2,1,5619
95,95,2,1,6737
96,96,2,1,392
97,97,2,1,5893
98,98,2,1,3562
99,99,2,1,6185
100,100,2,1,3100
101,101,2,1,6279
102,102,2,1,8393
103,103,2,1,3105
104,104,2,1,7216
105,105,2,1,2455
106,106,2,1,8997
107,107,2,1,2732
108,108,2,1,8155
109,109,2,1,9763
110,110,2,1,5057
111,111,2,1,8111
112,112,2,1,3841
113,113,2,1,1029
114,114,2,1,7386
115,115,2,1,503
116,116,2,1,6911
117,117,2,1,9063
118,118,2,1,6939
119,119,2,1,4489
120,120,2,1,207
121,121,2,1,5135
122,122,2,1,5978
123,123,2,1,7722
124,124,2,1,7036
125,125,2,1,1485
126,126,2,1,7859
127,127,2,1,864
128,128,2,1,2791
129,129,2,1,7409
130,130,2,1,8756
131,131,2,1,5117
132,132,2,1,6020
133,133,2,1,1758
134,134,2,1,7575
135,135,2,1,6375
136,136,2,1,6893
137,137,2,1,1679
138,138,2,1,3243
139,139,2,1,4637
140,140,2,1,1060
141,141,2,1,6669
142,142,2,1,9915
143,143,2,1,3158
144,144,2,1,5916
145,145,2,1,9790
146,146,2,1,2694
147,147,2,1,3628
148,148,2,1,9556
149,149,2,1,5451
150,150,2,1,1664
151,151,2,1,9722
152,152,2,1,5593
153,153,2,1,7393
154,154,2,1,1307
155,155,2,1,6777
156,156,2,1,5865
157,157,2,1,9475
158,158,2,1,7527
159,159,2,1,8902
160,160,2,1,5576
161,161,2,1,5531
162,162,2,1,4414
163,163,2,1,3749
164,164,2,1,664
165,165,2,1,1999
166,166,2,1,7995
167,167,2,1,1496
168,168,2,1,3305
169,169,2,1,3764
170,170,2,1,5233
171,171,2,1,1854
172,172,2,1,6586
173,173,2,1,1292
174,174,2,1,3582
175,175,2,1,7555
176,176,2,1,7281
177,177,2,1,1637
178,178,2,1,3697
179,179,2,1,699
180,180,2,1,4738
181,181,2,1,855
182,182,2,1,8165
183,183,2,1,5856
184,184,2,1,7393
185,185,2,1,6529
186,186,2,1,5250
187,187,2,1,5173
188,188,2,1,1708
189,189,2,1,5792
190,190,2,1,9926
191,191,2,1,5536
192,192,2,1,4932
193,193,2,1,3511
194,194,2,1,203
195,195,2,1,4219
196,196,2,1,8959
197,197,2,1,4390
198,198,2,1,2328
199,199,2,1,8005
200,200,2,1,2932
201,201,2,1,7778
202,202,2,1,198
203,203,2,1,7126
204,204,2,1,1931
205,205,2,1,6288
206,206,2,1,8801
207,207,2,1,9340
208,208,2,1,4283
209,209,2,1,2512
210,210,2,1,9987
211,211,2,1,660
212,212,2,1,2812
213,213,2,1,7099
214,214,2,1,6547
215,215,2,1,9562
216,216,2,1,1987
217,217,2,1,8339
218,218,2,1,2912
219,219,2,1,1735
220,220,2,1,1844
221,221,2,1,8681
222,222,2,1,2977
223,223,2,1,1960
224,224,2,1,5760
225,225,2,1,6695
226,226,2,1,2386
227,227,2,1,4737
228,228,2,1,1803
229,229,2,1,8156
230,230,2,1,8121
231,231,2,1,6617
232,232,2,1,5535
233,233,2,1,4062
234,234,2,1,263
235,235,2,1,6288
236,236,2,1,8816
237,237,2,1,9209
238,238,2,1,2050
239,239,2,1,5424
240,240,2,1,4549
241,241,2,1,3109
242,242,2,1,7159
243,243,2,1,7401
244,244,2,1,3171
245,245,2,1,9875
246,246,2,1,2256
247,247,2,1,1155
248,248,2,1,4500
249,249,2,1,6296
250,250,2,1,6198
251,251,2,1,9889
252,252,2,1,1649
253,253,2,1,5540
254,254,2,1,9638
255,255,2,1,4200
256,256,2,1,8446
257,257,2,1,2558
258,258,2,1,5593
259,259,2,1,99
260,260,2,1,2201
261,261,2,1,2962
262,262,2,1,4974
263,263,2,1,4434
264,264,2,1,2870
265,265,2,1,957
266,266,2,1,8353
267,267,2,1,5700
268,268,2,1,6945
269,269,2,1,4494
270,270,2,1,9493
271,271,2,1,4912
272,272,2,1,3988
273,273,2,1,9720
274,274,2,1,6016
275,275,2,1,1219
276,276,2,1,4497
277,277,2,1,4736
278,278,2,1,4556
279,279,2,1,9147
280,280,2,1,8051
281,281,2,1,3447
282,282,2,1,1046
283,283,2,1,6894
284,284,2,1,1694
285,285,2,1,3437
286,286,2,1,8755
287,287,2,1,5896
288,288,2,1,3355
289,289,2,1,226
290,290,2,1,4894
291,291,2,1,7023
292,292,2,1,9152
293,293,2,1,5601
294,294,2,1,7997
295,295,2,1,9008
296,296,2,1,7684
297,297,2,1,4643
298,298,2,1,7680
299,299,2,1,8209
300,300,2,1,7340
301,301,2,1,9436
302,302,2,1,2206
303,303,2,1,1070
304,304,2,1,3445
305,305,2,1,1061
306,306,2,1,2328
307,307,2,1,3421
308,308,2,1,302
309,309,2,1,607
310,310,2,1,3171
311,311,2,1,700
312,312,2,1,5089
313,313,2,1,9332
314,314,2,1,191
315,315,2,1,981
316,316,2,1,2976
317,317,2,1,6103
318,318,2,1,1185
319,319,2,1,3328
320,320,2,1,3395
321,321,2,1,8320
322,322,2,1,1817
323,323,2,1,5855
324,324,2,1,6710
325,325,2,1,570
326,326,2,1,5443
327,327,2,1,1896
328,328,2,1,2734
329,329,2,1,3864
330,330,2,1,7456
331,331,2,1,4015
332,332,2,1,1687
333,333,2,1,3010
334,334,2,1,7807
335,335,2,1,155
336,336,2,1,1410
337,337,2,1,785
338,338,2,1,8097
339,339,2,1,7561
340,340,2,1,7344
341,341,2,1,7207
342,342,2,1,5597
343,343,2,1,5802
344,344,2,1,2807
345,345,2,1,538
346,346,2,1,5987
347,347,2,1,1842
348,348,2,1,8717
349,349,2,1,6972
350,350,2,1,5626
351,351,2,1,2951
352,352,2,1,7993
353,353,2,1,4781
354,354,2,1,2369
355,355,2,1,6656
356,356,2,1,8174
357,357,2,1,4496
358,358,2,1,9164
359,359,2,1,6003
360,360,2,1,6615
361,361,2,1,9359
362,362,2,1,5920
363,363,2,1,854
364,364,2,1,4147
365,365,2,1,3770
366,366,2,1,575
367,367,2,1,1149
368,368,2,1,6294
369,369,2,1,6458
370,370,2,1,7510
371,371,2,1,9908
372,372,2,1,4778
373,373,2,1,3855
374,374,2,1,2492
375,375,2,1,3125
376,376,2,1,5692
377,377,2,1,3052
378,378,2,1,5
379,379,2,1,5223
380,380,2,1,5316
381,381,2,1,4870
382,382,2,1,877
383,383,2,1,9184
384,384,2,1,7028
385,385,2,1,4143
386,386,3,1,6967
387,387,3,1,7080
388,388,3,1,7988
389,389,3,1,6800
390,390,3,1,4466
391,391,3,1,636
392,392,3,1,1694
393,393,3,1,9875
394,394,3,1,4753
395,395,3,1,8312
396,396,3,1,831
397,397,3,1,5178
398,398,3,1,9562
399,399,3,1,8933
400,400,3,1,8309
401,401,3,1,5950
402,402,3,1,2839
403,403,3,1,1151
404,404,3,1,7561
405,405,3,1,1932
406,406,3,1,9205
407,407,3,1,1665
408,408,3,1,1082
409,409,3,1,513
410,410,3,1,7806
411,411,3,1,5238
412,412,3,1,560
413,413,3,1,3673
414,414,3,1,7405
415,415,3,1,3344
416,416,3,1,4071
417,417,3,1,9663
418,418,3,1,581
419,419,3,1,7005
420,420,3,1,8131
421,421,3,1,3148
422,422,3,1,4250
423,423,3,1,1680
424,424,3,1,3507
425,425,3,1,7254
426,426,3,1,2745
427,427,3,1,9436
428,428,3,1,5189
429,429,3,1,2142
430,430,3,1,6618
431,431,3,1,2480
432,432,3,1,6485
433,433,3,1,9828
434,434,3,1,7422
435,435,3,1,9950
436,436,3,1,4453
437,437,3,1,5882
438,438,3,1,6666
439,439,3,1,2850
440,440,3,1,7391
441,441,3,1,6906
442,442,3,1,2490
443,443,3,1,9824
444,444,3,1,9208
445,445,3,1,9541
446,446,3,1,4612
447,447,3,1,2840
448,448,3,1,8528
449,449,3,1,5879
450,450,3,1,9088
451,451,3,1,6304
452,452,3,1,852
453,453,3,1,1688
454,454,3,1,6834
455,455,3,1,2428
456,456,3,1,9761
457,457,3,1,4001
458,458,3,1,5053
459,459,3,1,2739
460,460,3,1,5733
461,461,3,1,5388
462,462,3,1,8003
463,463,3,1,5537
464,464,3,1,3914
465,465,3,1,1067
466,466,3,1,7724
467,466,3,1,4381
468,467,3,1,4108
469,468,3,1,5727
470,469,3,1,3374
471,470,3,1,8946
472,471,3,1,2083
473,472,3,1,8968
474,473,3,1,6749
475,474,3,1,9818
476,475,3,1,418
477,476,3,1,8307
478,477,3,1,8809
479,478,3,1,3975
480,479,3,1,3268
481,480,3,1,826
482,481,3,1,7669
483,482,3,1,5746
484,483,3,1,9709
485,484,3,1,413
486,485,3,1,7544
487,486,3,1,7588
488,487,3,1,729
489,488,3,1,7165
490,489,3,1,8868
491,490,3,1,5989
492,491,3,1,2505
493,492,3,1,2968
494,493,3,1,2787
495,494,3,1,1123
496,495,3,1,4080
497,496,3,1,1572
498,497,3,1,5074
499,498,3,1,5105
500,499,3,1,2144
501,500,3,1,9880
502,501,3,1,6807
503,502,3,1,7358
504,503,3,1,3441
505,504,3,1,3767
506,505,3,1,5645
507,506,3,1,2915
508,507,3,1,4969
509,508,3,1,5918
510,509,3,1,8788
511,510,3,1,729
512,511,3,1,1366
513,512,3,1,4493
514,513,3,1,699
515,514,3,1,7187
516,515,3,1,396
517,516,3,1,7401
518,517,3,1,8083
519,518,3,1,4172
520,519,3,1,4361
521,520,3,1,2503
522,521,3,1,718
523,522,3,1,2783
524,523,3,1,4947
525,524,3,1,5487
526,525,3,1,8336
527,526,3,1,4981
528,527,3,1,7267
529,528,3,1,4492
530,529,3,1,7193
531,530,3,1,5589
532,531,3,1,7652
533,532,3,1,3637
534,533,3,1,1168
535,534,3,1,1063
536,535,3,1,2157
537,536,3,1,7861
538,537,3,1,5162
539,538,3,1,5306
540,539,3,1,6542
541,540,3,1,4730
542,541,3,1,9349
543,542,3,1,7331
544,543,3,1,5335
545,544,3,1,8925
546,545,3,1,4331
547,546,3,1,8011
548,547,3,1,6802
549,548,3,1,4847
550,549,3,1,6732
551,550,3,1,7242
552,551,3,1,954
553,552,3,1,2540
554,553,3,1,7057
555,554,3,1,1543
556,555,3,1,5294
557,556,3,1,1192
558,557,3,1,6314
559,558,3,1,6939
560,559,3,1,2682
561,560,3,1,9410
562,561,3,1,1541
563,562,3,1,6173
564,563,3,1,5542
565,564,3,1,9581
566,565,3,1,1366
567,566,3,1,8692
568,567,3,1,9873
569,568,3,1,8703
570,569,3,1,7495
571,570,3,1,4313
572,571,3,1,1325
573,572,3,1,9348
574,573,3,1,3142
575,574,3,1,7420
576,575,3,1,3487
577,576,3,1,1811
578,577,3,1,6589
579,578,3,1,2924
580,579,3,1,5302
581,580,3,1,4187
582,581,3,1,8906
583,582,3,1,5978
584,583,3,1,4269
585,584,3,1,4749
586,585,3,1,4850
587,586,3,1,9436
588,587,3,1,3710
589,588,3,1,9274
590,589,3,1,6620
591,590,3,1,8648
592,591,3,1,9087
593,592,3,1,9577
594,593,3,1,3073
595,594,3,1,6531
596,595,3,1,505
597,596,3,1,1215
598,597,3,1,1532
599,598,3,1,7577
600,599,3,1,824
601,600,3,1,929
602,601,3,1,5030
603,602,3,1,134
604,603,3,1,2106
605,604,3,1,3628
606,605,3,1,6317
607,606,3,1,1853
608,607,3,1,4911
609,608,3,1,4176
610,609,3,1,5349
611,610,3,1,9443
612,611,3,1,6191
613,612,3,1,1257
614,613,3,1,3377
615,614,3,1,5646
616,615,3,1,3487
617,616,3,1,3585
618,617,3,1,9589
619,618,3,1,8054
620,619,3,1,3331
621,620,3,1,2704
622,621,3,1,8663
623,622,3,1,8121
624,623,3,1,7115
625,624,3,1,1354
626,625,3,1,5064
627,626,3,1,8550
628,627,3,1,7576
629,628,3,1,668
630,629,3,1,4469
631,630,3,1,9338
632,631,3,1,6820
633,632,3,1,3720
634,633,3,1,2746
635,634,3,1,7484
636,635,3,1,540
637,636,3,1,4965
638,637,3,1,4836
639,638,3,1,3776
640,639,3,1,6043
641,640,3,1,7103
642,641,3,1,7313
643,642,3,1,5321
644,643,3,1,6133
645,644,3,1,7892
646,645,3,1,2780
647,646,3,1,925
648,647,3,1,1582
649,648,3,1,7715
650,649,3,1,3325
651,650,3,1,5714
652,651,3,1,7027
653,652,3,1,256
654,653,3,1,4805
655,654,3,1,1839
656,655,3,1,10
657,656,3,1,2872
658,657,3,1,8990
659,658,3,1,7410
660,659,3,1,7419
661,660,3,1,5125
662,661,3,1,1016
663,662,3,1,2194
664,663,3,1,8416
665,664,3,1,7450
666,665,3,1,4159
667,666,3,1,3926
668,667,3,1,6971
669,668,3,1,6939
670,669,3,1,4785
671,670,3,1,4001
672,671,3,1,1634
673,672,3,1,7267
674,673,3,1,8703
675,674,3,1,385
676,675,3,1,405
677,676,3,1,8176
678,677,3,1,2001
679,678,3,1,9861
680,679,3,1,5990
681,680,3,1,1461
682,681,3,1,7191
683,682,3,1,7141
684,683,3,1,3637
685,684,3,1,4810
686,685,3,1,4179
687,686,3,1,7246
688,687,3,1,6601
689,688,3,1,5998
690,689,3,1,2049
691,690,3,1,4781
692,691,3,1,717
693,692,3,1,7940
694,693,3,1,5566
695,694,3,1,4545
696,695,3,1,4977
697,696,3,1,3420
698,697,3,1,7240
699,698,3,1,9767
700,699,3,1,250
701,700,3,1,8866
702,701,3,1,771
703,702,3,1,4364
704,703,3,1,1078
705,704,3,1,8428
706,705,3,1,8581
707,706,3,1,7902
708,707,3,1,4859
709,708,3,1,6545
710,709,3,1,4720
711,710,3,1,2815
712,711,3,1,3375
713,712,3,1,1253
714,713,3,1,6997
715,714,3,1,4674
716,715,3,1,4531
717,716,3,1,6882
718,717,3,1,6950
719,718,3,1,9522
720,719,3,1,6242
721,720,3,1,8018
722,721,3,1,6942
723,722,3,1,9551
724,723,3,1,7003
725,724,3,1,1332
726,725,3,1,4262
727,726,3,1,7649
728,727,3,1,9551
729,728,3,1,5116
730,729,3,1,4638
731,730,3,1,4855
732,731,3,1,3178
733,732,3,1,7731
734,733,3,1,2181
735,734,3,1,4893
736,735,3,1,7044
737,736,3,1,138
738,737,3,1,6328
739,738,3,1,3473
740,739,3,1,5450
741,740,3,1,2833
742,741,3,1,3580
743,742,3,1,5972
744,743,3,1,4165
745,744,3,1,7942
746,745,3,1,5570
747,746,3,1,4301
748,747,3,1,6270
749,748,3,1,3819
750,749,3,1,1907
751,750,3,1,6255
752,751,3,1,761
753,752,3,1,7831
754,753,3,1,7351
755,754,3,1,6239
756,755,3,1,6091
757,756,3,1,6032
758,757,3,1,7688
759,758,3,1,9092
760,759,3,1,9912
761,760,3,1,8473
762,761,3,1,1888
763,762,3,1,3267
764,763,3,1,667
765,764,3,1,4189
766,765,3,1,672
767,766,3,1,6778
768,767,3,1,7571
769,768,3,1,7957
770,769,3,1,5125
771,770,3,1,5586
772,771,3,1,4778
773,772,3,1,3901
774,773,3,1,6678
775,774,2,1,6982
776,775,2,1,6377
777,776,2,1,524
778,777,2,1,2394
779,778,2,1,2594
780,779,2,1,9946
781,780,2,1,7241
782,781,2,1,6938
783,782,2,1,6191
784,783,2,1,5241
785,784,2,1,6494
786,785,2,1,2879
787,786,2,1,4144
788,787,2,1,3645
789,788,2,1,4433
790,789,2,1,1277
791,790,2,1,5812
792,791,2,1,303
793,792,2,1,639
794,793,2,1,56
795,794,2,1,8718
796,795,1,1,8151
797,796,1,1,2126
798,797,1,1,365
799,798,1,1,6810
800,799,1,1,4622
801,800,1,1,5127
802,801,1,1,5123
803,802,1,1,1647
804,803,1,1,919
805,804,1,1,2798
806,805,1,1,6507
807,806,1,1,5871
808,807,1,1,1532
809,808,1,1,8173
810,809,1,1,3346
811,810,1,1,7674
812,811,1,1,6950
813,812,1,1,6883
814,813,1,1,1907
815,814,1,1,3087
816,815,1,1,8153
817,816,1,1,5751
818,817,1,1,8906
819,818,1,1,1063
820,819,1,1,1977
821,820,1,1,1297
822,821,1,1,6230
823,822,1,1,7642
824,823,1,1,126
825,824,1,1,4633
826,825,1,1,6289
827,826,1,1,3597
828,827,1,1,6169
829,828,1,1,9796
830,829,1,1,7562
831,830,1,1,8259
832,831,1,1,233
833,832,1,1,9362
834,833,1,1,6372
835,834,1,1,4207
836,835,1,1,9686
837,836,1,1,7944
838,837,1,1,6892
839,838,1,1,6739
840,839,1,1,2473
841,840,1,1,2740
842,841,1,1,5402
843,842,1,1,1762
844,843,1,1,877
845,844,1,1,3813
846,845,1,1,9505
847,846,1,1,1461
848,847,1,1,1734
849,848,1,1,1606
850,849,1,1,5623
851,850,1,1,6768
852,851,1,1,6987
853,852,1,1,3518
854,853,1,1,3736
855,854,1,1,9353
856,855,1,1,8435
857,856,1,1,2591
858,857,1,1,1064
859,858,1,1,4325
860,859,1,1,9112
861,860,1,1,5343
862,861,1,1,6
863,862,1,1,7490
864,863,1,1,8660
865,864,1,1,8196
866,865,1,1,5967
867,866,1,1,8838
868,867,1,1,118
869,868,1,1,2552
870,869,1,1,5561
871,870,1,1,4290
872,871,1,1,847
873,872,1,1,6317
874,873,1,1,6470
875,874,1,1,9334
876,875,1,1,8916
877,876,1,1,225
878,877,1,1,4209
879,878,1,1,6284
880,879,1,1,2049
881,880,1,1,6234
882,881,1,1,9766
883,882,1,1,1829
884,883,1,1,1918
885,884,1,1,4235
886,885,1,1,6989
887,886,1,1,2027
888,887,1,1,3745
889,888,1,1,9094
890,889,1,1,10
891,890,1,1,261
892,891,1,1,6039
893,892,1,1,9866
894,893,1,1,2220
895,894,1,1,7042
896,895,1,1,2061
897,896,1,1,5288
898,897,1,1,1620
899,898,1,1,8513
900,899,1,1,1343
901,900,1,1,2833
902,901,1,1,2825
903,902,1,1,1995
904,903,1,1,3491
905,904,1,1,9311
906,905,1,1,7985
907,906,1,1,1605
908,907,1,1,236
909,908,1,1,1909
910,909,1,1,8568
911,910,1,1,3531
912,911,1,1,5257
913,912,1,1,2636
914,913,1,1,8163
915,914,1,1,9763
916,915,1,1,2561
917,916,1,1,5416
918,917,1,1,3392
919,918,1,1,5952
920,919,1,1,5469
921,920,1,1,8008
922,921,1,1,9065
923,922,1,1,9445
924,923,1,1,6414
925,924,1,1,6942
926,925,1,1,9507
927,926,1,1,4821
928,927,1,1,2899
929,928,1,1,7547
930,929,1,1,78
931,930,1,1,7578
932,931,1,1,4228
933,932,1,1,601
934,933,1,1,1066
935,934,1,1,2137
936,935,1,1,9511
937,936,1,1,6944
938,937,1,1,7805
939,938,1,1,6566
940,939,1,1,5985
941,940,1,1,5143
942,941,1,1,4671
943,942,1,1,2191
944,943,1,1,9185
945,944,1,1,2713
946,945,1,1,2193
947,946,1,1,1249
948,947,1,1,4034
949,948,1,1,1998
950,949,1,1,3688
951,950,1,1,4019
952,951,1,1,1971
953,952,1,1,8390
954,953,1,1,5766
955,954,1,1,1203
956,955,1,1,8136
957,956,1,1,5568
958,957,1,1,7668
959,958,1,1,5743
960,959,1,1,5789
961,960,1,1,5409
962,961,1,1,8670
963,962,1,1,9447
964,963,1,1,923
965,964,1,1,420
966,965,1,1,2205
967,966,1,1,1121
968,967,1,1,951
969,968,1,1,2337
970,969,1,1,5374
971,970,1,1,2244
972,971,1,1,2646
973,972,1,1,4613
974,973,1,1,1866
975,974,1,1,6029
976,975,1,1,7327
977,976,1,1,6372
978,977,1,1,6360
979,978,1,1,7864
980,979,1,1,3229
981,980,1,1,3720
982,981,1,1,2372
983,982,1,1,2892
984,983,1,1,3757
985,984,1,1,4226
986,985,1,1,95
987,986,1,1,2675
988,987,1,1,6899
989,988,1,1,794
990,989,1,1,2117
991,990,1,1,5780
992,991,1,1,6167
993,992,1,1,815
994,993,1,1,346
995,994,1,1,8555
996,995,1,1,2444
997,996,1,1,7784
998,997,1,1,985
999,998,1,1,7791
1000,999,1,1,9832
1001,1000,1,1,828
1002,1001,1,1,3532
1003,1002,1,1,7148
1004,1003,1,1,4452
1005,1004,1,1,3877
1006,1005,1,1,5960
1007,1006,1,1,127
1008,1007,1,1,3178
1009,1008,1,1,8796
1010,1009,1,1,6025
1011,1010,1,1,5110
1012,1011,1,1,4147
1013,1012,1,1,7197
1014,1013,1,1,3369
1015,1014,1,1,3798
1016,1015,1,1,1793
1017,1016,1,1,5733
1018,1017,1,1,3477
1019,1018,1,1,3418
1020,1019,1,1,1646
1021,1020,1,1,9398
1022,1021,1,1,3031
1023,1022,1,1,2873
1024,1023,1,1,3073
1025,1024,1,1,1855
1026,1025,1,1,4022
1027,1026,1,1,4663
1028,1027,1,1,6515
1029,1028,1,1,5032
1030,1029,1,1,2709
1031,1030,1,1,7113
1032,1031,1,1,9525
1033,1032,1,1,8394
1034,1033,1,1,3508
1035,1034,1,1,6457
1036,1035,1,1,4213
1037,1036,1,1,7971
1038,1037,1,1,8767
1039,1038,1,1,537
1040,1039,1,1,1626
1041,1040,1,1,7974
1042,1041,1,1,8578
1043,1042,1,1,8071
1044,1043,1,1,8667
1045,1044,1,1,8610
1046,1045,1,1,6491
1047,1046,1,1,3601
1048,1047,1,1,6784
1049,1048,1,1,9147
1050,1049,1,1,4972
1051,1050,1,1,1206
1052,1051,1,1,1991
1053,1052,1,1,5300
1054,1053,1,1,3573
1055,1054,1,1,5976
1056,1055,1,1,6321
1057,1056,1,1,4381
1058,1057,1,1,4758
1059,1058,1,1,2714
1060,1059,1,1,5589
1061,1060,1,1,967
1062,1061,1,1,4945
1063,1062,1,1,3433
1064,1063,1,1,689
1065,1064,1,1,4244
1066,1065,1,1,3702
1067,1066,1,1,8534
1068,1067,1,1,5183
1069,1068,1,1,9917
1070,1069,1,1,6705
1071,1070,1,1,4423
1072,1071,1,1,9985
1073,1072,1,1,1760
1074,1073,1,1,9182
1075,1074,1,1,2483
1076,1075,1,1,8059
1077,1076,1,1,952
1078,1077,1,1,8915
1079,1078,1,1,2080
1080,1079,1,1,2718
1081,1080,1,1,4525
1082,1081,1,1,9693
1083,1082,1,1,8478
1084,1083,1,1,7312
1085,1084,1,1,7187
1086,1085,1,1,2066
1087,1086,1,1,769
1088,1087,1,1,5491
1089,1088,1,1,6646
1090,1089,1,1,5084
1091,1090,1,1,5233
1092,1091,1,1,5798
1093,1092,1,1,9139
1094,1093,1,1,4927
1095,1094,1,1,6017
1096,1095,1,1,3336
1097,1096,1,1,8039
1098,1097,1,1,4874
1099,1098,1,1,1482
1100,1099,1,1,6306
1101,1100,1,1,3452
1102,1101,1,1,55
1103,1102,1,1,7644
1104,1103,1,1,3463
1105,1104,1,1,833
1106,1105,1,1,5955
1107,1106,1,1,8520
1108,1107,1,1,7222
1109,1108,1,1,3311
1110,1109,1,1,3301
1111,1110,1,1,6723
1112,1111,1,1,7219
1113,1112,1,1,7777
1114,1113,1,1,3676
1115,1114,1,1,3055
1116,1115,1,1,7971
1117,1116,1,1,2144
1118,1117,1,1,5208
1119,1118,1,1,9504
1120,1119,1,1,2539
1121,1120,1,1,4548
1122,1121,1,1,5620
1123,1122,1,1,8357
1124,1123,1,1,6613
1125,1124,1,1,5006
1126,1125,1,1,823
1127,1126,1,1,944
1128,1127,1,1,6151
1129,1128,1,1,4426
1130,1129,1,1,8967
1131,1130,1,1,2199
1132,1131,1,1,4243
1133,1132,1,1,3696
1134,1133,1,1,3453
1135,1134,1,1,9107
1136,1135,1,1,1309
1137,1136,1,1,4178
1138,1137,1,1,8706
1139,1138,1,1,6853
1140,1139,1,1,6036
1141,1140,1,1,3595
1142,1141,1,1,4842
1143,1142,1,1,1410
1144,1143,1,1,4567
1145,1144,1,1,4492
1146,1145,1,1,1556
1147,1146,1,1,805
1148,1147,1,1,1280
1149,1148,1,1,7084
1150,1149,1,1,5987
1151,1150,0,1,5620
1152,1151,0,1,1388
1153,1152,0,1,2680
1154,1153,0,1,2107
1155,1154,0,1,8174
1156,1155,0,1,4224
1157,1156,0,1,4832
1158,1157,0,1,2769
1159,1158,0,1,3187
1160,1159,0,1,2574
1161,1160,0,1,2600
1162,1161,0,1,4034
1163,1162,0,1,8429
1164,1163,0,1,1305
1165,1164,0,1,7369
1166,1165,0,1,5878
1167,1166,0,1,1302
1168,1167,0,1,2542
1169,1168,0,1,2052
1170,1169,0,1,6810
1171,1170,0,1,8634
1172,1171,0,1,8997
1173,1172,0,1,75
1174,1173,0,1,6982
1175,1174,0,1,5476
1176,1175,0,1,8233
1177,1176,0,1,7185
1178,1177,0,1,5797
1179,1178,0,1,7142
1180,1179,0,1,1623
1181,1180,0,1,8042
1182,1181,0,1,342
1183,1182,0,1,2075
1184,1183,0,1,7993
1185,1184,0,1,646
1186,1185,0,1,4264
1187,1186,0,1,8802
1188,1187,0,1,6137
1189,1188,0,1,8647
1190,1189,0,1,9901
1191,1190,0,1,2970
1192,1191,0,1,3029
1193,1192,0,1,7644
1194,1193,0,1,2682
1195,1194,0,1,3630
1196,1195,0,1,4226
1197,1196,0,1,3068
1198,1197,0,1,5942
1199,1198,0,1,1387
1200,1199,0,1,2867
1201,1200,0,1,4789
1202,1201,0,1,5491
1203,1202,0,1,4125
1204,1203,0,1,8341
1205,1204,0,1,3851
1206,1205,0,1,5416
1207,1206,0,1,7680
1208,1207,0,1,6820
1209,1208,0,1,9329
1210,1209,0,1,8379
1211,1210,0,1,9443
1212,1211,0,1,1334
1213,1212,0,1,4151
1214,1213,0,1,6767
1215,1214,0,1,2712
1216,1215,0,1,4854
1217,1216,0,1,6213
1218,1217,0,1,7480
1219,1218,0,1,5409
1220,1219,0,1,9978
1221,1220,0,1,7716
1222,1221,0,1,8943
1223,1222,0,1,1763
1224,1223,0,1,7102
1225,1224,0,1,7675
1226,1225,0,1,6123
1227,1226,0,1,482
1228,1227,0,1,154
1229,1228,0,1,7618
1230,1229,0,1,1525
1231,1230,0,1,2121
1232,1231,0,1,2344
1233,1232,0,1,5137
1234,1233,0,1,5761
1235,1234,0,1,1241
1236,1235,0,1,61
1237,1236,0,1,9131
1238,1237,0,1,1640
1239,1238,0,1,6186
1240,1239,0,1,7971
1241,1240,0,1,1253
1242,1241,0,1,4204
1243,1242,0,1,8364
1244,1243,0,1,9651
1245,1244,0,1,3550
1246,1245,0,1,4198
1247,1245,0,1,7010
1248,1246,0,1,6668
1249,1247,0,1,2323
1250,1248,0,1,9829
1251,1249,0,1,4091
1252,1250,0,1,6961
1253,1251,0,1,3005
1254,1252,0,1,5137
1255,1253,0,1,330
1256,1254,0,1,3641
1257,1255,0,1,7983
1258,1256,0,1,4108
1259,1257,0,1,1342
1260,1258,0,1,8408
1261,1259,0,1,339
1262,1260,0,1,5896
1263,1261,0,1,2709
1264,1262,0,1,1751
1265,1263,0,1,5605
1266,1264,0,1,2422
1267,1265,0,1,7120
1268,1266,0,1,8902
1269,1267,0,1,5320
1270,1268,0,1,6610
1271,1269,0,1,5388
1272,1270,0,1,3994
1273,1271,0,1,8681
1274,1272,0,1,8045
1275,1273,0,1,8239
1276,1274,0,1,4874
1277,1275,0,1,4807
1278,1276,0,1,8593
1279,1277,0,1,5914
1280,1278,0,1,7125
1281,1279,0,1,3158
1282,1280,0,1,391
1283,1281,0,1,4431
1284,1282,0,1,8821
1285,1283,0,1,7687
1286,1284,0,1,4233
1287,1285,0,1,8008
1288,1286,0,1,1522
1289,1287,0,1,9019
1290,1288,0,1,1501
1291,1289,0,1,6738
1292,1290,0,1,3295
1293,1291,0,1,5086
1294,1292,0,1,2420
1295,1293,0,1,9127
1296,1294,0,1,3043
1297,1295,0,1,4498
1298,1296,0,1,1467
1299,1297,0,1,3562
1300,1298,0,1,615
1301,1299,0,1,5393
1302,1300,0,1,7694
1303,1301,0,1,9375
1304,1302,0,1,3224
1305,1303,0,1,7139
1306,1304,0,1,2668
1307,1305,0,1,7981
1308,1306,0,1,131
1309,1307,0,1,2984
1310,1308,0,1,4279
1311,1309,0,1,7127
1312,1310,0,1,8231
1313,1311,0,1,7695
1314,1312,0,1,6641
1315,1313,0,1,5469
1316,1314,0,1,921
1317,1315,0,1,7565
1318,1316,0,1,8685
1319,1317,0,1,9324
1320,1318,0,1,8503
1321,1319,0,1,8931
1322,1320,0,1,3242
1323,1321,0,1,546
1324,1322,0,1,4347
1325,1323,0,1,9997
1326,1324,0,1,3811
1327,1325,0,1,7207
1328,1326,0,1,9006
1329,1327,0,1,2033
1330,1328,0,1,8437
1331,1329,0,1,272
1332,1330,0,1,3512
1333,1331,0,1,1772
1334,1332,0,1,9455
1335,1333,0,1,4362
1336,1334,0,1,7070
1337,1335,0,1,921
1338,1336,0,1,8191
1339,1337,0,1,3431
1340,1338,0,1,4436
1341,1339,0,1,3761
1342,1340,0,1,2051
1343,1341,0,1,1166
1344,1342,0,1,8568
1345,1343,0,1,2034
1346,1344,0,1,6468
1347,1345,0,1,146
1348,1346,0,1,4389
1349,1347,0,1,7833
1350,1348,0,1,8624
1351,1349,0,1,8897
1352,1350,0,1,8174
1353,1351,0,1,2633
1354,1352,0,1,4495
1355,1353,0,1,8057
1356,1354,0,1,7512
1357,1355,0,1,9156
1358,1356,0,1,1829
1359,1357,0,1,9131
1360,1358,0,1,4806
1361,1359,0,1,807
1362,1360,0,1,9656
1363,1361,0,1,7487
1364,1362,0,1,8203
1365,1363,0,1,1869
1366,1364,0,1,7879
1367,1365,0,1,5691
1368,1366,0,1,7828
1369,1367,0,1,5430
1370,1368,0,1,9077
1371,1369,0,1,3565
1372,1370,0,1,1390
1373,1371,0,1,7275
1374,1372,0,1,825
1375,1373,0,1,2266
1376,1374,0,1,937
1377,1375,0,1,6403
1378,1376,0,1,3846
1379,1377,0,1,1797
1380,1378,0,1,8246
1381,1379,0,1,7215
1382,1380,0,1,727
1383,1381,0,1,2737
1384,1382,0,1,1914
1385,1383,0,1,9789
1386,1384,0,1,7658
1387,1385,0,1,2467
1388,1386,0,1,9042
1389,1387,0,1,7313
1390,1388,0,1,8195
1391,1389,0,1,7907
1392,1390,0,1,4877
1393,1391,0,1,7288
1394,1392,0,1,893
1395,1393,0,1,4676
1396,1394,0,1,1934
1397,1395,0,1,1381
1398,1396,0,1,1291
1399,1397,0,1,1641
1400,1398,0,1,7491
1401,1399,0,1,9180
1402,1400,0,1,1219
1403,1401,0,1,5017
1404,1402,0,1,6882
1405,1403,0,1,9548
1406,1404,0,1,9753
1407,1405,0,1,9611
1408,1406,0,1,955
1409,1407,0,1,9176
1410,1408,0,1,7292
1411,1409,0,1,975
1412,1410,0,1,4134
1413,1411,0,1,5371
1414,1412,0,1,3973
1415,1413,0,1,5296
1416,1414,0,1,9106
1417,1415,0,1,8229
1418,1416,0,1,9904
1419,1417,0,1,3021
1420,1418,0,1,8988
1421,1419,0,1,4037
1422,1420,0,1,5069
1423,1421,0,1,5234
1424,1422,0,1,9517
1425,1423,0,1,318
1426,1424,0,1,2397
1427,1425,0,1,2163
1428,1426,0,1,2746
1429,1427,0,1,1592
1430,1428,0,1,6184
1431,1429,0,1,3931
1432,1430,0,1,1313
1433,1431,0,1,9478
1434,1432,0,1,4312
1435,1433,0,1,7315
1436,1434,0,1,2384
1437,1435,0,1,3240
1438,1436,0,1,2140
1439,1437,0,1,1705
1440,1438,0,1,6925
1441,1439,0,1,363
1442,1440,0,1,2605
1443,1441,0,1,9909
1444,1442,0,1,4287
1445,1443,0,1,3739
1446,1444,0,1,2470
1447,1445,0,1,4796
1448,1446,0,1,6151
1449,1447,0,1,557
1450,1448,1,1,9018
1451,1449,1,1,2809
1452,1450,1,1,5151
1453,1451,1,1,7562
1454,1452,1,1,2720
1455,1453,1,1,6507
1456,1454,1,1,3742
1457,1455,1,1,9767
1458,1456,1,1,3999
1459,1457,1,1,2404
1460,1458,1,1,8781
1461,1459,1,1,9740
1462,1460,1,1,295
1463,1461,1,1,5344
1464,1462,1,1,9883
1465,1463,1,1,1137
1466,1464,1,1,2065
1467,1465,1,1,7010
1468,1466,0,1,4544
1469,1467,0,1,1008
1470,1468,0,1,5446
1471,1469,0,1,5353
1472,1470,0,1,9440
1473,1471,0,1,1436
1474,1472,0,1,572
1475,1473,0,1,2383
1476,1474,0,1,9438
1477,1475,0,1,5085
1478,1476,0,1,278
1479,1477,0,1,7060
1480,1478,0,1,1888
1481,1479,0,1,1266
1482,1480,0,1,7492
1483,1481,0,1,1041
1484,1482,0,1,9110
1485,1483,0,1,8074
1486,1484,0,1,9078
1487,1485,0,1,2753
1488,1486,0,1,8214
1489,1487,0,1,4570
1490,1488,0,1,6354
1491,1489,0,1,2354
1492,1490,0,1,7438
1493,1491,0,1,4800
1494,1492,0,1,687
1495,1493,0,1,8477
1496,1494,0,1,4812
1497,1495,0,1,8955
1498,1496,0,1,5347
1499,1497,0,1,5044
1500,1498,0,1,2429
1501,1499,0,1,5127
1502,1500,3,1,8221
1503,1501,3,1,9099
1504,1502,3,1,7814
1505,1503,3,1,9646
1506,1504,3,1,3357
1507,1505,3,1,8708
1508,1506,3,1,7267
1509,1507,3,1,6541
1510,1508,3,1,39
1511,1509,3,1,3343
1512,1510,3,1,9079
1513,1511,3,1,2845
1514,1512,3,1,1099
1515,1513,3,1,7028
1516,1514,3,1,1824
1517,1515,3,1,3156
1518,1516,3,1,3094
1519,1517,3,1,5659
1520,1518,3,1,3779
1521,1519,3,1,2897
1522,1520,3,1,989
1523,1521,3,1,4117
1524,1522,3,1,6447
1525,1523,3,1,4180
1526,1524,3,1,1683
1527,1525,3,1,5627
1528,1526,3,1,7425
1529,1527,3,1,934
1530,1528,3,1,3599
1531,1529,3,1,1981
1532,1530,3,1,3057
1533,1531,3,1,8985
