<?xml version='1.0' encoding='utf-8'?>
<nrml xmlns:gml="http://www.opengis.net/gml"
      xmlns="http://openquake.org/xmlns/nrml/0.5">

    <sourceModel name="SA PSHA Sensitivity Source Model Containing Area Sources and Simple Fault Sources">

    <sourceGroup rup_interdep="indep" src_interdep="indep" srcs_weights="1.0" 
                tectonicRegion="Stable Continental Crust">

    <areaSource id="2" name="CFBE_AZ" tectonicRegion="Stable Continental Crust">
            <areaGeometry>
                <gml:Polygon>
                    <gml:exterior>
                        <gml:LinearRing>
                            <gml:posList>
                             27.7378  -33.7076
							 26.4478  -34.3582
							 23.6765  -34.9577
							 22.9444  -35.0803
							 21.9977  -35.7429
							 20.6521  -35.4640
							 19.1614  -34.3075
							 19.5202  -33.9063
                             20.2840  -33.3390
                             20.8810  -33.2340
                             22.1734  -33.1956
                             22.9412  -33.2084
                             24.8231  -33.1584
                             25.3136  -33.1142
                             26.2636  -33.1363
                             27.0589  -33.2866
                             27.7378  -33.7076
                            </gml:posList>
                        </gml:LinearRing>
                    </gml:exterior>
                </gml:Polygon>
                <upperSeismoDepth>0.5</upperSeismoDepth>
                <lowerSeismoDepth>17.0</lowerSeismoDepth>
            </areaGeometry>
            <magScaleRel>WC1994</magScaleRel>
            <ruptAspectRatio>1.0</ruptAspectRatio>
            <truncGutenbergRichterMFD aValue="1.5" bValue="0.7" minMag="5.0" maxMag="5.77" />
            <nodalPlaneDist>
                <nodalPlane probability="1.0" strike="88.0" dip="45.0" rake="-80.0" />
            </nodalPlaneDist>
            <hypoDepthDist>
                <hypoDepth probability="0.2" depth="5.0" />
				<hypoDepth probability="0.6" depth="10.0" />
				<hypoDepth probability="0.2" depth="15.0" />
            </hypoDepthDist>
        </areaSource>

    </sourceGroup>
    </sourceModel>
</nrml>
