<?xml version='1.0' encoding='utf-8'?>
<nrml xmlns:gml="http://www.opengis.net/gml"
      xmlns="http://openquake.org/xmlns/nrml/0.5">

    <sourceModel name="SA PSHA Sensitivity Source Model Containing Area Sources and Simple Fault Sources">

        <sourceGroup rup_interdep="indep" src_interdep="indep" srcs_weights="1.0" 
                tectonicRegion="Stable Continental Crust">

        <areaSource id="5" name="ERAND_AZ" tectonicRegion="Stable Continental Crust">
            <areaGeometry>
                <gml:Polygon>
                    <gml:exterior>
                        <gml:LinearRing>
                            <gml:posList>
                             28.019 -26.044
                             28.116 -26.289
                             28.236 -26.338
                             28.380 -26.424
                             28.520 -26.453
                             28.592 -26.275
                             28.442 -26.092
                             28.249 -26.006
							 28.019 -26.044
                             28.019 -26.044
                            </gml:posList>
                        </gml:LinearRing>
                    </gml:exterior>
                </gml:Polygon>
                <upperSeismoDepth>0.5</upperSeismoDepth>
                <lowerSeismoDepth>17.0</lowerSeismoDepth>
            </areaGeometry>
            <magScaleRel>WC1994</magScaleRel>
            <ruptAspectRatio>1.0</ruptAspectRatio>
            <truncGutenbergRichterMFD aValue="4.15" bValue="1.27" minMag="5.0" maxMag="5.4" />
            <nodalPlaneDist>
                <nodalPlane probability="1.0" strike="75.0" dip="80.0" rake="-80.0" />
            </nodalPlaneDist>
            <hypoDepthDist>
                <hypoDepth probability="0.7" depth="2.0" />
				<hypoDepth probability="0.3" depth="5.0" />
            </hypoDepthDist>
        </areaSource>

    </sourceGroup>
    </sourceModel>
</nrml>
