<?xml version='1.0' encoding='utf-8'?>
<nrml xmlns:gml="http://www.opengis.net/gml"
      xmlns="http://openquake.org/xmlns/nrml/0.5">

    <sourceModel name="SA PSHA Sensitivity Source Model Containing Area Sources and Simple Fault Sources">

        <sourceGroup rup_interdep="indep" src_interdep="indep" srcs_weights="1.0" 
                tectonicRegion="Stable Continental Crust">

        <areaSource id="8" name="KHEIS_AZ" tectonicRegion="Stable Continental Crust">
            <areaGeometry>
                <gml:Polygon>
                    <gml:exterior>
                        <gml:LinearRing>
                            <gml:posList>
                             22.79686 -29.71187
							 23.80000 -28.53500
                             24.67000 -25.67400
                             24.24600 -25.36500
                             22.65700 -25.81200
                             21.26300 -25.65100
                             19.39000 -27.05900
							 20.00000 -27.80000
							 22.79686 -29.71187
						    </gml:posList>
                        </gml:LinearRing>
                    </gml:exterior>
                </gml:Polygon>
                <upperSeismoDepth>0.5</upperSeismoDepth>
                <lowerSeismoDepth>17.0</lowerSeismoDepth>
            </areaGeometry>
            <magScaleRel>WC1994</magScaleRel>
            <ruptAspectRatio>1.0</ruptAspectRatio>
            <truncGutenbergRichterMFD aValue="5.38" bValue="1.73" minMag="5.0" maxMag="5.20" />
            <nodalPlaneDist>
                <nodalPlane probability="1.0" strike="340.0" dip="70.0" rake="-75.0" />
            </nodalPlaneDist>
            <hypoDepthDist>
                <hypoDepth probability="0.7" depth="2.0" />
				<hypoDepth probability="0.3" depth="5.0" />
            </hypoDepthDist>
        </areaSource>

        </sourceGroup>
    </sourceModel>
</nrml>
