<?xml version='1.0' encoding='utf-8'?>
<nrml xmlns:gml="http://www.opengis.net/gml"
      xmlns="http://openquake.org/xmlns/nrml/0.5">

    <sourceModel name="SA PSHA Sensitivity Source Model Containing Area Sources and Simple Fault Sources">

        <sourceGroup rup_interdep="indep" src_interdep="indep" srcs_weights="1.0" 
                tectonicRegion="Stable Continental Crust">

        <areaSource id="10" name="KOFFIE_AZ" tectonicRegion="Stable Continental Crust">
            <areaGeometry>
                <gml:Polygon>
                    <gml:exterior>
                        <gml:LinearRing>
                            <gml:posList>
                             23.80100  -28.53500
							 26.20000  -28.62000
                             26.20100  -30.78000
                             24.29900  -30.76415
                             22.79686  -29.71187
							 23.80100  -28.53500
							</gml:posList>
                        </gml:LinearRing>
                    </gml:exterior>
                </gml:Polygon>
                <upperSeismoDepth>0.5</upperSeismoDepth>
                <lowerSeismoDepth>17.0</lowerSeismoDepth>
            </areaGeometry>
            <magScaleRel>WC1994</magScaleRel>
            <ruptAspectRatio>1.0</ruptAspectRatio>
            <truncGutenbergRichterMFD aValue="2.44" bValue="0.74" minMag="5.0" maxMag="6.43" />
            <nodalPlaneDist>
                <nodalPlane probability="1.0" strike="308.0" dip="60.0" rake="-86.0" />
            </nodalPlaneDist>
            <hypoDepthDist>
                <hypoDepth probability="0.3" depth="5.0" />
				<hypoDepth probability="0.5" depth="10.0" />
				<hypoDepth probability="0.2" depth="15.0" />
            </hypoDepthDist>
        </areaSource>

        </sourceGroup>
    </sourceModel>
</nrml>
