<?xml version='1.0' encoding='utf-8'?>
<nrml xmlns:gml="http://www.opengis.net/gml"
      xmlns="http://openquake.org/xmlns/nrml/0.5">

    <sourceModel name="SA PSHA Sensitivity Source Model Containing Area Sources and Simple Fault Sources">

        <sourceGroup rup_interdep="indep" src_interdep="indep" srcs_weights="1.0" 
                tectonicRegion="Stable Continental Crust">

        <areaSource id="14" name="LNHT_AZ" tectonicRegion="Stable Continental Crust">
            <areaGeometry>
                <gml:Polygon>
                    <gml:exterior>
                        <gml:LinearRing>
                            <gml:posList>
                             42.27425  -19.10882
							 39.92140  -23.46177
							 34.81696  -28.15191
							 31.11400  -30.62100
							 30.58236  -29.70389
							 32.42512  -26.67080
							 36.23900  -23.40673
							 39.65528  -19.10071
						   </gml:posList>
                        </gml:LinearRing>
                    </gml:exterior>
                </gml:Polygon>
                <upperSeismoDepth>0.5</upperSeismoDepth>
                <lowerSeismoDepth>12.0</lowerSeismoDepth>
            </areaGeometry>
            <magScaleRel>WC1994</magScaleRel>
            <ruptAspectRatio>1.0</ruptAspectRatio>
            <truncGutenbergRichterMFD aValue="2.67" bValue="0.79" minMag="5.0" maxMag="6.76" />
            <nodalPlaneDist>
                <nodalPlane probability="1.0" strike="44" dip="40.0" rake="-86.0" />
            </nodalPlaneDist>
            <hypoDepthDist>
                <hypoDepth probability="0.2" depth="5.0" />
				<hypoDepth probability="0.5" depth="7.0" />
				<hypoDepth probability="0.3" depth="10.0" />
            </hypoDepthDist>
        </areaSource>

        </sourceGroup>

    </sourceModel>
</nrml>
