<?xml version='1.0' encoding='utf-8'?>
<nrml xmlns:gml="http://www.opengis.net/gml"
      xmlns="http://openquake.org/xmlns/nrml/0.5">

    <sourceModel name="SA PSHA Sensitivity Source Model Containing Area Sources and Simple Fault Sources">

        <sourceGroup rup_interdep="indep" src_interdep="indep" srcs_weights="1.0" 
                tectonicRegion="Stable Continental Crust">

        <areaSource id="24" name="ZOET_AZ" tectonicRegion="Stable Continental Crust">
            <areaGeometry>
                <gml:Polygon>
                    <gml:exterior>
                        <gml:LinearRing>
                            <gml:posList>
                             25.440 -24.715
							 26.710 -24.450
							 27.068 -23.751
							 26.777 -22.919
							 25.855 -22.473
							 24.658 -23.041
							 25.440 -24.715
						   </gml:posList>
                        </gml:LinearRing>
                    </gml:exterior>
                </gml:Polygon>
                <upperSeismoDepth>0.5</upperSeismoDepth>
                <lowerSeismoDepth>17.0</lowerSeismoDepth>
            </areaGeometry>
            <magScaleRel>WC1994</magScaleRel>
            <ruptAspectRatio>1.0</ruptAspectRatio>
            <truncGutenbergRichterMFD aValue="2.92" bValue="1.00" minMag="5.0" maxMag="5.2" />
            <nodalPlaneDist>
                <nodalPlane probability="1.0" strike="88" dip="80.0" rake="-30.0" />
            </nodalPlaneDist>
            <hypoDepthDist>
                <hypoDepth probability="0.2" depth="5.0" />
				<hypoDepth probability="0.6" depth="10.0" />
				<hypoDepth probability="0.2" depth="15.0" />
            </hypoDepthDist>
        </areaSource>

        </sourceGroup>
    </sourceModel>
</nrml>
