<?xml version="1.0" encoding="UTF-8"?>

<nrml xmlns:gml="http://www.opengis.net/gml"
      xmlns="http://openquake.org/xmlns/nrml/0.5">
    <logicTree logicTreeID='lt1'>

        <logicTreeBranchingLevel branchingLevelID="bl1">
            <logicTreeBranchSet uncertaintyType="gmpeModel" branchSetID="bs1"
                    applyToTectonicRegionType="Stable Continental Crust">

                <logicTreeBranch branchID="b11">
                    <uncertaintyModel>AkkarEtAlRjb2014</uncertaintyModel>
                    <uncertaintyWeight>0.6</uncertaintyWeight>
                </logicTreeBranch>

                <logicTreeBranch branchID="b12">
                    <uncertaintyModel>BooreAtkinson2008</uncertaintyModel>
                    <uncertaintyWeight>0.4</uncertaintyWeight>
                </logicTreeBranch>

            </logicTreeBranchSet>
        </logicTreeBranchingLevel>

    </logicTree>
</nrml>
