<?xml version='1.0' encoding='utf-8'?>
<nrml xmlns:gml="http://www.opengis.net/gml"
      xmlns="http://openquake.org/xmlns/nrml/0.5">

    <sourceModel name="SA PSHA Sensitivity Source Model Containing Area Sources and Simple Fault Sources">

        <sourceGroup rup_interdep="indep" src_interdep="indep" srcs_weights="1.0" 
                tectonicRegion="Stable Continental Crust">


        <areaSource id="3" name="CFBW_AZ" tectonicRegion="Stable Continental Crust">
            <areaGeometry>
                <gml:Polygon>
                    <gml:exterior>
                        <gml:LinearRing>
                            <gml:posList>
                             20.28397  -33.33901
                             19.52025  -33.90635
                             19.16140  -34.30754
                             18.49726  -35.19302
                             16.20000  -33.80000
                             17.78433  -31.12267
                             18.83362  -31.00750
                             19.08954  -31.04589
                             19.34546  -31.42978
                             19.66537  -32.06958
                             20.28397  -33.33901
                            </gml:posList>
                        </gml:LinearRing>
                    </gml:exterior>
                </gml:Polygon>
                <upperSeismoDepth>0.5</upperSeismoDepth>
                <lowerSeismoDepth>17.0</lowerSeismoDepth>
            </areaGeometry>
            <magScaleRel>WC1994</magScaleRel>
            <ruptAspectRatio>1.0</ruptAspectRatio>
            <truncGutenbergRichterMFD aValue="2.24" bValue="0.72" minMag="5.0" maxMag="6.74" />
            <nodalPlaneDist>
                <nodalPlane probability="1.0" strike="305.0" dip="78.0" rake="-1.2" />
            </nodalPlaneDist>
            <hypoDepthDist>
                <hypoDepth probability="0.2" depth="5.0" />
				<hypoDepth probability="0.5" depth="10.0" />
				<hypoDepth probability="0.3" depth="15.0" />
            </hypoDepthDist>
        </areaSource>

    </sourceGroup>
    </sourceModel>
</nrml>
