<?xml version='1.0' encoding='utf-8'?>
<nrml xmlns:gml="http://www.opengis.net/gml"
      xmlns="http://openquake.org/xmlns/nrml/0.5">

    <sourceModel name="SA PSHA Sensitivity Source Model Containing Area Sources and Simple Fault Sources">

        <sourceGroup rup_interdep="indep" src_interdep="indep" srcs_weights="1.0" 
                tectonicRegion="Stable Continental Crust">

        <areaSource id="12" name="KVAAL_AZ" tectonicRegion="Stable Continental Crust">
            <areaGeometry>
                <gml:Polygon>
                    <gml:exterior>
                        <gml:LinearRing>
                            <gml:posList>
                             27.971 -28.715
							 30.390 -26.190
							 29.843 -24.773
							 28.588 -25.558
							 27.000 -24.912
							 26.451 -26.169
							 25.216 -26.383
							 24.670 -25.674
							 23.800 -28.535
							 26.200 -28.620
							 27.971 -28.715
						   </gml:posList>
                        </gml:LinearRing>
                    </gml:exterior>
                </gml:Polygon>
                <upperSeismoDepth>0.5</upperSeismoDepth>
                <lowerSeismoDepth>17.0</lowerSeismoDepth>
            </areaGeometry>
            <magScaleRel>WC1994</magScaleRel>
            <ruptAspectRatio>1.0</ruptAspectRatio>
            <truncGutenbergRichterMFD aValue="3.77" bValue="1.10" minMag="5.0" maxMag="5.28" />
            <nodalPlaneDist>
                <nodalPlane probability="1.0" strike="45" dip="60.0" rake="-80.0" />
            </nodalPlaneDist>
            <hypoDepthDist>
                <hypoDepth probability="0.2" depth="5.0" />
				<hypoDepth probability="0.6" depth="10.0" />
				<hypoDepth probability="0.2" depth="15.0" />
            </hypoDepthDist>
        </areaSource>

        </sourceGroup>
    </sourceModel>
</nrml>
