<?xml version='1.0' encoding='utf-8'?>
<nrml xmlns:gml="http://www.opengis.net/gml"
      xmlns="http://openquake.org/xmlns/nrml/0.5">

    <sourceModel name="SA PSHA Sensitivity Source Model Containing Area Sources and Simple Fault Sources">

        <sourceGroup rup_interdep="indep" src_interdep="indep" srcs_weights="1.0" 
                tectonicRegion="Stable Continental Crust">

        <areaSource id="20" name="WBOTS_AZ" tectonicRegion="Stable Continental Crust">
            <areaGeometry>
                <gml:Polygon>
                    <gml:exterior>
                        <gml:LinearRing>
                            <gml:posList>
                             22.657 -25.812
							 24.246 -25.365
							 24.670 -25.674
							 25.440 -24.715
							 24.295 -22.264
							 23.353 -21.836
							 23.124 -20.893
							 21.600 -21.300
							 18.300 -24.100
							 18.500 -26.000
							 19.390 -27.059
                             21.263 -25.651
                             22.657 -25.812
						   </gml:posList>
                        </gml:LinearRing>
                    </gml:exterior>
                </gml:Polygon>
                <upperSeismoDepth>0.5</upperSeismoDepth>
                <lowerSeismoDepth>17.0</lowerSeismoDepth>
            </areaGeometry>
            <magScaleRel>WC1994</magScaleRel>
            <ruptAspectRatio>1.0</ruptAspectRatio>
            <truncGutenbergRichterMFD aValue="2.07" bValue="0.81" minMag="5.0" maxMag="5.57" />
            <nodalPlaneDist>
                <nodalPlane probability="1.0" strike="75" dip="70.0" rake="-80.0" />
            </nodalPlaneDist>
            <hypoDepthDist>
                <hypoDepth probability="0.2" depth="5.0" />
				<hypoDepth probability="0.6" depth="10.0" />
				<hypoDepth probability="0.2" depth="15.0" />
            </hypoDepthDist>
        </areaSource>

        </sourceGroup>
    </sourceModel>
</nrml>
