<?xml version='1.0' encoding='utf-8'?>
<nrml xmlns:gml="http://www.opengis.net/gml"
      xmlns="http://openquake.org/xmlns/nrml/0.5">

    <sourceModel name="SA PSHA Sensitivity Source Model Containing Area Sources and Simple Fault Sources">

        <sourceGroup rup_interdep="indep" src_interdep="indep" srcs_weights="1.0" 
                tectonicRegion="Stable Continental Crust">

        <areaSource id="22" name="WRAND_AZ" tectonicRegion="Stable Continental Crust">
            <areaGeometry>
                <gml:Polygon>
                    <gml:exterior>
                        <gml:LinearRing>
                            <gml:posList>
                             27.365 -26.208
							 27.500 -26.237
							 27.625 -26.213
							 27.745 -26.318
							 27.751 -26.414
							 27.655 -26.515
							 27.515 -26.535
							 27.462 -26.564
							 27.203 -26.506
							 27.159 -26.410
							 27.216 -26.309
							 27.293 -26.246
							 27.365 -26.208
						   </gml:posList>
                        </gml:LinearRing>
                    </gml:exterior>
                </gml:Polygon>
                <upperSeismoDepth>0.5</upperSeismoDepth>
                <lowerSeismoDepth>17.0</lowerSeismoDepth>
            </areaGeometry>
            <magScaleRel>WC1994</magScaleRel>
            <ruptAspectRatio>1.0</ruptAspectRatio>
            <truncGutenbergRichterMFD aValue="5.64" bValue="1.32" minMag="5.0" maxMag="5.3" />
            <nodalPlaneDist>
                <nodalPlane probability="1.0" strike="72" dip="51.0" rake="-77.0" />
            </nodalPlaneDist>
            <hypoDepthDist>
                <hypoDepth probability="0.7" depth="2.0" />
				<hypoDepth probability="0.3" depth="5.0" />
            </hypoDepthDist>
        </areaSource>

        </sourceGroup>
    </sourceModel>
</nrml>
