<?xml version='1.0' encoding='utf-8'?>
<nrml xmlns:gml="http://www.opengis.net/gml"
      xmlns="http://openquake.org/xmlns/nrml/0.5">

    <sourceModel name="SA PSHA Sensitivity Source Model Containing Area Sources and Simple Fault Sources">

        <sourceGroup rup_interdep="indep" src_interdep="indep" srcs_weights="1.0" 
                tectonicRegion="Stable Continental Crust">

        <areaSource id="4" name="CRAND_AZ" tectonicRegion="Stable Continental Crust">
            <areaGeometry>
                <gml:Polygon>
                    <gml:exterior>
                        <gml:LinearRing>
                            <gml:posList>
                             27.644 -26.121
							 27.625 -26.213
                             27.745 -26.318
                             28.116 -26.289
                             28.019 -26.044
                             27.841 -26.083
                             27.725 -26.054
							 27.692 -26.064
							 27.644 -26.121
						    </gml:posList>
                        </gml:LinearRing>
                    </gml:exterior>
                </gml:Polygon>
                <upperSeismoDepth>0.5</upperSeismoDepth>
                <lowerSeismoDepth>17.0</lowerSeismoDepth>
            </areaGeometry>
            <magScaleRel>WC1994</magScaleRel>
            <ruptAspectRatio>1.0</ruptAspectRatio>
            <truncGutenbergRichterMFD aValue="4.04" bValue="1.3" minMag="5.0" maxMag="5.2" />
            <nodalPlaneDist>
                <nodalPlane probability="1.0" strike="72.0" dip="51.0" rake="-77.0" />
            </nodalPlaneDist>
            <hypoDepthDist>
                <hypoDepth probability="0.7" depth="2.0" />
				<hypoDepth probability="0.3" depth="5.0" />
            </hypoDepthDist>
        </areaSource>		

    </sourceGroup>
    </sourceModel>
</nrml>
