<?xml version='1.0' encoding='utf-8'?>
<nrml xmlns:gml="http://www.opengis.net/gml"
      xmlns="http://openquake.org/xmlns/nrml/0.5">

    <sourceModel name="SA PSHA Sensitivity Source Model Containing Area Sources and Simple Fault Sources">

        <sourceGroup rup_interdep="indep" src_interdep="indep" srcs_weights="1.0" 
                tectonicRegion="Stable Continental Crust">

        <areaSource id="17" name="NAM_AZ" tectonicRegion="Stable Continental Crust">
            <areaGeometry>
                <gml:Polygon>
                    <gml:exterior>
                        <gml:LinearRing>
                            <gml:posList>
                             20.00000  -27.80000
                             15.21416  -28.51770
                             16.27361  -30.78007
							 16.62675  -30.89267
						     17.94915  -30.56776	 
                             18.49467  -30.48048    
                             19.41114  -30.04406    
                             19.65117  -30.04406
                             23.20796  -32.00794
                             24.34265  -31.96429
                             24.29900  -30.76415
							 22.79686  -29.71187
						   </gml:posList>
                        </gml:LinearRing>
                    </gml:exterior>
                </gml:Polygon>
                <upperSeismoDepth>0.5</upperSeismoDepth>
                <lowerSeismoDepth>17.0</lowerSeismoDepth>
            </areaGeometry>
            <magScaleRel>WC1994</magScaleRel>
            <ruptAspectRatio>1.0</ruptAspectRatio>
            <truncGutenbergRichterMFD aValue="3.61" bValue="0.82" minMag="5.0" maxMag="5.97" />
            <nodalPlaneDist>
                <nodalPlane probability="1.0" strike="14" dip="53.0" rake="16.0" />
            </nodalPlaneDist>
            <hypoDepthDist>
                <hypoDepth probability="0.3" depth="5.0" />
				<hypoDepth probability="0.5" depth="10.0" />
				<hypoDepth probability="0.2" depth="15.0" />
            </hypoDepthDist>
        </areaSource>

        </sourceGroup>
    </sourceModel>
</nrml>
