<?xml version='1.0' encoding='utf-8'?>
<nrml xmlns:gml="http://www.opengis.net/gml"
      xmlns="http://openquake.org/xmlns/nrml/0.5">

    <sourceModel name="SA PSHA Sensitivity Source Model Containing Area Sources and Simple Fault Sources">

        <sourceGroup rup_interdep="indep" src_interdep="indep" srcs_weights="1.0" 
                tectonicRegion="Stable Continental Crust">


        <areaSource id="18" name="NWEST_AZ" tectonicRegion="Stable Continental Crust">
            <areaGeometry>
                <gml:Polygon>
                    <gml:exterior>
                        <gml:LinearRing>
                            <gml:posList>
                             25.216 -26.383
                             26.451 -26.169
                             27.000 -24.912
							 26.710 -24.450
						     25.440 -24.715	 
                             24.670 -25.674    
                             25.216 -26.383    
						   </gml:posList>
                        </gml:LinearRing>
                    </gml:exterior>
                </gml:Polygon>
                <upperSeismoDepth>0.5</upperSeismoDepth>
                <lowerSeismoDepth>17.0</lowerSeismoDepth>
            </areaGeometry>
            <magScaleRel>WC1994</magScaleRel>
            <ruptAspectRatio>1.0</ruptAspectRatio>
            <truncGutenbergRichterMFD aValue="1.92" bValue="0.87" minMag="5.0" maxMag="5.32" />
            <nodalPlaneDist>
                <nodalPlane probability="1.0" strike="80" dip="80.0" rake="-75.0" />
            </nodalPlaneDist>
            <hypoDepthDist>
                <hypoDepth probability="0.6" depth="2.0" />
				<hypoDepth probability="0.4" depth="5.0" />
            </hypoDepthDist>
        </areaSource>

        </sourceGroup>
    </sourceModel>
</nrml>
