<?xml version='1.0' encoding='utf-8'?>
<nrml xmlns:gml="http://www.opengis.net/gml"
      xmlns="http://openquake.org/xmlns/nrml/0.5">

    <sourceModel name="SA PSHA Sensitivity Source Model Containing Area Sources and Simple Fault Sources">

        <sourceGroup rup_interdep="indep" src_interdep="indep" srcs_weights="1.0" 
                tectonicRegion="Stable Continental Crust">

        <areaSource id="21" name="WELKOM_AZ" tectonicRegion="Stable Continental Crust">
            <areaGeometry>
                <gml:Polygon>
                    <gml:exterior>
                        <gml:LinearRing>
                            <gml:posList>
                             27.287 -27.983
							 27.165 -27.725
							 26.709 -27.475
							 26.602 -27.602
							 26.388 -27.668
							 26.319 -27.840
							 26.405 -28.117
							 26.553 -28.277
							 26.800 -28.330
							 27.076 -28.264
							 27.287 -27.983
						   </gml:posList>
                        </gml:LinearRing>
                    </gml:exterior>
                </gml:Polygon>
                <upperSeismoDepth>0.5</upperSeismoDepth>
                <lowerSeismoDepth>17.0</lowerSeismoDepth>
            </areaGeometry>
            <magScaleRel>WC1994</magScaleRel>
            <ruptAspectRatio>1.0</ruptAspectRatio>
            <truncGutenbergRichterMFD aValue="4.79" bValue="1.31" minMag="5.0" maxMag="5.3" />
            <nodalPlaneDist>
                <nodalPlane probability="1.0" strike="11" dip="45.0" rake="-65.0" />
            </nodalPlaneDist>
            <hypoDepthDist>
                <hypoDepth probability="0.6" depth="2.0" />
				<hypoDepth probability="0.4" depth="5.0" />
            </hypoDepthDist>
        </areaSource>

        </sourceGroup>
    </sourceModel>
</nrml>
